-- --------------------------------------------------------
-- Сервер:                       127.0.0.1
-- Версія сервера:               5.6.43 - MySQL Community Server (GPL)
-- ОС сервера:                   Win32
-- HeidiSQL Версія:              10.2.0.5599
-- --------------------------------------------------------

/*!40101 SET @OLD_CHARACTER_SET_CLIENT=@@CHARACTER_SET_CLIENT */;
/*!40101 SET NAMES utf8 */;
/*!50503 SET NAMES utf8mb4 */;
/*!40014 SET @OLD_FOREIGN_KEY_CHECKS=@@FOREIGN_KEY_CHECKS, FOREIGN_KEY_CHECKS=0 */;
/*!40101 SET @OLD_SQL_MODE=@@SQL_MODE, SQL_MODE='NO_AUTO_VALUE_ON_ZERO' */;


-- Dumping database structure for testmone
DROP DATABASE IF EXISTS `testmone`;
CREATE DATABASE IF NOT EXISTS `testmone` /*!40100 DEFAULT CHARACTER SET utf8 */;
USE `testmone`;

-- Dumping structure for таблиця testmone.collections
DROP TABLE IF EXISTS `collections`;
CREATE TABLE IF NOT EXISTS `collections` (
  `id` bigint(20) NOT NULL AUTO_INCREMENT,
  `updated_at` datetime DEFAULT NULL,
  `body_html` text,
  `default_product_image` varchar(1024) DEFAULT '',
  `handle` varchar(1024) DEFAULT '',
  `image` text,
  `title` varchar(50) DEFAULT NULL,
  `sort_order` varchar(50) DEFAULT NULL,
  PRIMARY KEY (`id`)
) ENGINE=InnoDB AUTO_INCREMENT=177972838532 DEFAULT CHARSET=utf8;

-- Dumping data for table testmone.collections: ~2 rows (приблизно)
DELETE FROM `collections`;
/*!40000 ALTER TABLE `collections` DISABLE KEYS */;
INSERT INTO `collections` (`id`, `updated_at`, `body_html`, `default_product_image`, `handle`, `image`, `title`, `sort_order`) VALUES
	(177389142147, '2020-03-23 22:35:39', '', '{"created_at":"2020-03-22T13:00:36+02:00","src":"https:\\/\\/cdn.shopify.com\\/s\\/files\\/1\\/0369\\/4552\\/6915\\/collections\\/titan_20twa17_45_3_-500x500.jpg?v=1584874837"}', 'frontpage', '{"created_at":"2020-03-22T13:00:36+02:00","src":"https:\\/\\/cdn.shopify.com\\/s\\/files\\/1\\/0369\\/4552\\/6915\\/collections\\/titan_20twa17_45_3_-500x500.jpg?v=1584874837"}', 'Горные велосипеды', 'best-selling'),
	(177391173763, NULL, '', '{"created_at":"2020-03-22T13:02:22+02:00","src":"https:\\/\\/cdn.shopify.com\\/s\\/files\\/1\\/0369\\/4552\\/6915\\/collections\\/20TWA17-45-2-500x500.jpg?v=1584874943"}', 'детские-велосипеды', '{"created_at":"2020-03-22T13:02:22+02:00","src":"https:\\/\\/cdn.shopify.com\\/s\\/files\\/1\\/0369\\/4552\\/6915\\/collections\\/20TWA17-45-2-500x500.jpg?v=1584874943"}', 'Детские велосипеды', 'best-selling'),
	(177972838531, NULL, '', 'null', 'самокаты', 'null', 'Самокаты', 'best-selling');
/*!40000 ALTER TABLE `collections` ENABLE KEYS */;

-- Dumping structure for таблиця testmone.products
DROP TABLE IF EXISTS `products`;
CREATE TABLE IF NOT EXISTS `products` (
  `id` bigint(20) NOT NULL AUTO_INCREMENT,
  `title` varchar(255) DEFAULT '',
  `body_html` text,
  `vendor` varchar(255) DEFAULT '',
  `product_type` varchar(255) DEFAULT '',
  `created_at` datetime DEFAULT NULL,
  `handle` varchar(255) DEFAULT '',
  `variants` text,
  `options` text,
  `image` varchar(1024) DEFAULT '',
  PRIMARY KEY (`id`)
) ENGINE=InnoDB AUTO_INCREMENT=4667363098756 DEFAULT CHARSET=utf8;

-- Dumping data for table testmone.products: ~5 rows (приблизно)
DELETE FROM `products`;
/*!40000 ALTER TABLE `products` DISABLE KEYS */;
INSERT INTO `products` (`id`, `title`, `body_html`, `vendor`, `product_type`, `created_at`, `handle`, `variants`, `options`, `image`) VALUES
	(4667352580227, 'Велосипед Titan Tiger 20" 10" Black/Green/White', '<h2><span>Детский велосипед Титан Тайгер 20" 10" черно-зеленый</span></h2>\n<hr>\n<p>    Велосипед  20TWA17-45-3<strong><span> </span></strong>– это оптимальный вариант первого двухколесного транспортного средства для детей и подростков ростом от 110 до 145 см. По соотношению цена-качество, надежному навесному оборудованию, продуманным техническим характеристикам данная модель не имеет равных.</p>\n<p>    Уникальная конструкция велосипеда и яркий, стильный дизайн в общей сложности выглядят очень грациозно, эффектно. Сомнений нет, байк обязательно понравится своему владельцу.</p>\n<p>    Титан Тайгер имеет удобную анатомическую конструкцию, что разработана специально для мальчиков от 7 лет. Заниженная рама позволяет обучиться азам езды на горном велосипеде, подготавливая юного райдера к взрослому байку.<span> </span><a href="https://veloboss.com/velosipedy/gornye-velosipedy/mfp/manufacturers,titan">Титан велосипед</a>,<strong><span> </span></strong>родиной которого является Украина,<strong><span> </span></strong>хорошо показал себя как на асфальтированных городских дорогах, так и на лесных тропах, парковых аллеях, различных склонах. Байк резво и просто набирает скорость, при этом быстро останавливается.</p>\n<h2><span>Преимущества велосипеда со скоростями</span></h2>\n<ul>\n<li>Рама и передняя вилка выполнены из алюминия, что отличается надежностью, устойчивостью к коррозии и, что важно для детской модели, облегченным весом;</li>\n<li>Трансмиссия на 6 передач от компании Sunrun даст возможность кататься и на горках, и на ровной поверхности, быстро набирать скорость;</li>\n<li>Амортизационная вилка позволяет легко преодолевать неровности дороги;</li>\n<li>Колеса на мощном протекторе пройдут в любых условиях пересеченной местности;</li>\n<li>Маневренный руль и надежные ободные тормоза позволят ездить комфортно, но при этом безопасно;</li>\n<li>Яркая раскраска, стильный дизайн и только безопасные краски для детей;</li>\n<li>Официальная гарантия на 12 месяцев, быстрая доставка по Украине.</li>\n</ul>\n<p>    При возникновении вопросов, обращайтесь за профессиональной консультацией к нашим менеджерам. При желании, мы подберем оптимальный вариант транспорта вам или вашему ребенку.</p>', 'testmone', '', '2020-03-22 12:55:03', 'велосипед-titan-tiger-20-10-black-green-white', '[{"id":32756780302467,"product_id":4667352580227,"title":"Black","price":"3500.00","sku":"20TWA17-45-3","position":1,"inventory_policy":"deny","compare_at_price":null,"fulfillment_service":"manual","inventory_management":"shopify","option1":"Black","option2":null,"option3":null,"created_at":"2020-03-22T12:55:03+02:00","updated_at":"2020-03-22T12:55:03+02:00","taxable":true,"barcode":"","grams":0,"image_id":null,"weight":0,"weight_unit":"kg","inventory_item_id":34317232799875,"inventory_quantity":1,"old_inventory_quantity":1,"requires_shipping":true,"admin_graphql_api_id":"gid:\\/\\/shopify\\/ProductVariant\\/32756780302467"},{"id":32756780335235,"product_id":4667352580227,"title":"Green","price":"3500.00","sku":"20TWA17-45-2","position":2,"inventory_policy":"deny","compare_at_price":null,"fulfillment_service":"manual","inventory_management":"shopify","option1":"Green","option2":null,"option3":null,"created_at":"2020-03-22T12:55:03+02:00","updated_at":"2020-03-22T12:55:03+02:00","taxable":true,"barcode":"","grams":0,"image_id":null,"weight":0,"weight_unit":"kg","inventory_item_id":34317232832643,"inventory_quantity":3,"old_inventory_quantity":3,"requires_shipping":true,"admin_graphql_api_id":"gid:\\/\\/shopify\\/ProductVariant\\/32756780335235"},{"id":32756780368003,"product_id":4667352580227,"title":"White","price":"3750.00","sku":"20TWA17-45-1","position":3,"inventory_policy":"deny","compare_at_price":null,"fulfillment_service":"manual","inventory_management":"shopify","option1":"White","option2":null,"option3":null,"created_at":"2020-03-22T12:55:03+02:00","updated_at":"2020-03-22T12:55:03+02:00","taxable":true,"barcode":"","grams":0,"image_id":null,"weight":0,"weight_unit":"kg","inventory_item_id":34317232865411,"inventory_quantity":2,"old_inventory_quantity":2,"requires_shipping":true,"admin_graphql_api_id":"gid:\\/\\/shopify\\/ProductVariant\\/32756780368003"}]', '[{"id":6046165336195,"product_id":4667352580227,"name":"Color","position":1,"values":["Black","Green","White"]}]', 'https://cdn.shopify.com/s/files/1/0369/4552/6915/products/titan_20twa17_45_3_-500x500.jpg?v=1584874505'),
	(4667355201667, 'Велосипед Cross Atlas 26” 19" black/blue/white', '<h2><span>Обзор горного велосипеда Кросс Атлас 26 дюймов черно-синий</span></h2>\n<hr>\n<p>    Красавец олицетворяет надежность и неприхотливость эксплуатации по отличной цене. Это оптимальный выбор МТБ байка для подростков и взрослых, ростом от 155 до 180 см для быстрых поездок и длительных путешествий в условиях пересеченной местности.</p>\n<p>    Стальная рама правильной геометрии размером в 19 дюймов и регулируемое сиденье позволяют чувствовать себя уверенно на велопрогулке и подростку, и взрослому. Байк равномерно развивает скорость, регулировать которую можно переключателями Shimano. Маневренный руль, амортизационная вилка и неприхотливые в обслуживании ободные тормоза обеспечивают комфорт юного и бывалого велосипедиста.</p>\n<h2><span>Чем отличается хардтейл Cross Atlas 26 black-blue-white?</span></h2>\n<p>Перечислим главные особенности данного горного велосипеда:</p>\n<ul>\n<li>современный, яркий дизайн, стальная рама на 19 дюймов;</li>\n<li>универсальность применения – подходит для велопрогулок в условиях города и длительным путешествиям по бездорожью;</li>\n<li>колеса размером в 26" с двойными алюминиевыми ободьями выдержат любую экстремальную нагрузку, а V-brake тормоза гарантируют быструю остановку в любых условиях;</li>\n<li>все неровности на дорожном покрытии гасит амортизационная вилка с ходом в 80 мм;</li>\n<li>качественное навесное оборудование от компании Шимано, трансмиссия на 21 скорость позволит каждому подобрать свой режим езды, в зависимости от условий;</li>\n<li>маневренный руль, регулируемое седло обеспечат дополнительный комфорт при вождении;</li>\n<li>оптимальная цена за столь надежный горный байк;</li>\n<li>официальная гарантия от производителя на 12 месяцев, быстрая доставка по Украине – преимущества от покупки в магазине Veloboss.</li>\n</ul>\n<p>    </p>', 'testmone', '', '2020-03-22 12:57:46', 'велосипед-cross-atlas-26-19-black-blue-white', '[{"id":32756830994563,"product_id":4667355201667,"title":"Black","price":"3390.00","sku":"26CJS18-6-3","position":1,"inventory_policy":"deny","compare_at_price":null,"fulfillment_service":"manual","inventory_management":"shopify","option1":"Black","option2":null,"option3":null,"created_at":"2020-03-22T12:57:46+02:00","updated_at":"2020-03-22T13:02:45+02:00","taxable":true,"barcode":"","grams":0,"image_id":null,"weight":0,"weight_unit":"kg","inventory_item_id":34317283491971,"inventory_quantity":1,"old_inventory_quantity":1,"requires_shipping":true,"admin_graphql_api_id":"gid:\\/\\/shopify\\/ProductVariant\\/32756830994563"},{"id":32756831027331,"product_id":4667355201667,"title":"Blue","price":"3390.00","sku":"26CJS18-6-2","position":2,"inventory_policy":"deny","compare_at_price":null,"fulfillment_service":"manual","inventory_management":"shopify","option1":"Blue","option2":null,"option3":null,"created_at":"2020-03-22T12:57:46+02:00","updated_at":"2020-03-22T12:57:46+02:00","taxable":true,"barcode":"","grams":0,"image_id":null,"weight":0,"weight_unit":"kg","inventory_item_id":34317283524739,"inventory_quantity":0,"old_inventory_quantity":0,"requires_shipping":true,"admin_graphql_api_id":"gid:\\/\\/shopify\\/ProductVariant\\/32756831027331"},{"id":32756831060099,"product_id":4667355201667,"title":"White","price":"3390.00","sku":"26CJS18-6-1","position":3,"inventory_policy":"deny","compare_at_price":null,"fulfillment_service":"manual","inventory_management":"shopify","option1":"White","option2":null,"option3":null,"created_at":"2020-03-22T12:57:46+02:00","updated_at":"2020-03-22T13:02:45+02:00","taxable":true,"barcode":"","grams":0,"image_id":null,"weight":0,"weight_unit":"kg","inventory_item_id":34317283557507,"inventory_quantity":3,"old_inventory_quantity":3,"requires_shipping":true,"admin_graphql_api_id":"gid:\\/\\/shopify\\/ProductVariant\\/32756831060099"}]', '[{"id":6046169825411,"product_id":4667355201667,"name":"Color","position":1,"values":["Black","Blue","White"]}]', 'https://cdn.shopify.com/s/files/1/0369/4552/6915/products/CrossAtlas2_black-blue-white_1-500x500.png?v=1584874668'),
	(4667360575619, 'Велосипед Titan Tiger 20" 10" Black/Red/Blue', '<h2><span>Подростковый велосипед Titan Tiger 20 дюймов красно-синий</span></h2>\n<hr>\n<p>    Знакомьтесь<strong>!<span> </span></strong>- Настоящий монстр среди байков для юных райдеров. Он представляет собой комфортную модель для детей и подростков ростом 110-140 см. Стильной раскраской и вызывающим дизайном красавец обязательно привлечет внимание всех окружающих, но, в первую очередь, он понравится владельцу.</p>\n<p>    Титан Тайгер успешно соединил в себе высокое качество деталей и всех механизмов, анатомически удобную конструкцию, подходящую для мальчиков и даже для девочек. Байк очень удобен для осуществления велопрогулок по городским улицам, парковым аллеям и лесным тропинкам.</p>\n<h2><span>Высокая надежность и доступная цена</span></h2>\n<p>    Стоит отметить и другие преимущества двухколесного друга:</p>\n<ul>\n<li>облегченная алюминиевая рама Хардтейл надежна в использовании и устойчива к коррозии;</li>\n<li>качественное навесное оборудование, трансмиссия Sunrun на 6 скоростей;</li>\n<li>интегрированная рулевая колонка позволяет легко входить в повороты, дарит владельцу комфорт и простоту в управлении;</li>\n<li>амортизирующая стальная вилка дает возможность райдеру безпроблемно преодолевать любые неровности;</li>\n<li>ободной тормоз обеспечит быструю остановку транспорта в любых условиях;</li>\n<li>приемлемая стоимость байка и официальная гарантия на 12 месяцев служат дополнительным аргументом в пользу покупки.</li>\n</ul>\n<p>    </p>', 'testmone', '', '2020-03-22 13:05:19', 'велосипед-titan-tiger-20-10-black-red-blue', '[{"id":32756893745283,"product_id":4667360575619,"title":"Default Title","price":"3570.00","sku":"","position":1,"inventory_policy":"deny","compare_at_price":null,"fulfillment_service":"manual","inventory_management":"shopify","option1":"Default Title","option2":null,"option3":null,"created_at":"2020-03-22T13:05:19+02:00","updated_at":"2020-03-22T13:15:33+02:00","taxable":true,"barcode":"","grams":0,"image_id":null,"weight":0,"weight_unit":"kg","inventory_item_id":34317349093507,"inventory_quantity":1,"old_inventory_quantity":1,"requires_shipping":true,"admin_graphql_api_id":"gid:\\/\\/shopify\\/ProductVariant\\/32756893745283"}]', '[{"id":6046178148483,"product_id":4667360575619,"name":"Title","position":1,"values":["Default Title"]}]', 'https://cdn.shopify.com/s/files/1/0369/4552/6915/products/20TWA17-45-2-500x500.jpg?v=1584875121'),
	(4667362050179, 'Велосипед Formula Electra 26" 15" White/Violet', '<h2><span>Велосипед женский Формула Электра 26 дюймов бело-фиолетовый - обзор</span></h2>\n<hr>\n<p>    Красавец обладает отличными характеристиками, и предназначен как для городского катания, так и для езды по различным видам бездорожья. Надежность в любых условиях, отличную проходимость и управляемость обеспечивают:</p>\n<ul>\n<li>заниженная стальная рама с дополнительным ребром жесткости, хорошо подходящая не только мальчику, девочке, но и взрослым – она может выдержать даже серьезные удары без последствий;</li>\n<li>шипованная резина;</li>\n<li>21 скорость – гарантия хорошего разгона на асфальте и бездорожье, на подъеме и спуске; двойные алюминиевые обода;</li>\n<li>прочные стальные шатуны;</li>\n<li>надежные тормоза;</li>\n<li>амортизированная вилка, которая значительно упрощает езду по различным неровностям и лесным тропам.</li>\n</ul>\n<h2><span>Горный велосипед Formula ELECTRA 26 white-violet для девушек</span></h2>\n<p>    Каждый велосипедист знает, насколько важна правильная компоновка и комплектация велосипеда, видит и напрямую влияет на продолжительность комфортного катания и необходимость постоянного ухода. Для этого, производитель предусмотрел ряд конструктивных особенностей:</p>\n<ul>\n<li>сиденье анатомической формы;</li>\n<li>удобные ручки переключателей скоростей;</li>\n<li>комплектующие от shimano – гарантия долговечности и надежности;</li>\n<li>наличие агрессивных крыльев и подножки.</li>\n</ul>\n<p>    Нами осуществляется продажа горных велосипедов различной комплектации, предназначенных для любых возрастов, представителей обоих полов и стилей катания. В каталоге интернет магазина Велобосс вы найдете огромное количество разнообразных моделей, обратитесь за советом к нашим консультантам.</p>', 'testmone', '', '2020-03-22 13:07:01', 'велосипед-formula-electra-26-15-white-violet', '[{"id":32756902396035,"product_id":4667362050179,"title":"White","price":"4554.00","sku":"","position":1,"inventory_policy":"deny","compare_at_price":null,"fulfillment_service":"manual","inventory_management":"shopify","option1":"White","option2":null,"option3":null,"created_at":"2020-03-22T13:07:01+02:00","updated_at":"2020-03-22T13:07:01+02:00","taxable":true,"barcode":"","grams":0,"image_id":null,"weight":0,"weight_unit":"kg","inventory_item_id":34317358530691,"inventory_quantity":2,"old_inventory_quantity":2,"requires_shipping":true,"admin_graphql_api_id":"gid:\\/\\/shopify\\/ProductVariant\\/32756902396035"},{"id":32756902428803,"product_id":4667362050179,"title":"Violet","price":"4554.00","sku":"","position":2,"inventory_policy":"deny","compare_at_price":null,"fulfillment_service":"manual","inventory_management":"shopify","option1":"Violet","option2":null,"option3":null,"created_at":"2020-03-22T13:07:01+02:00","updated_at":"2020-03-22T13:07:01+02:00","taxable":true,"barcode":"","grams":0,"image_id":null,"weight":0,"weight_unit":"kg","inventory_item_id":34317358563459,"inventory_quantity":0,"old_inventory_quantity":0,"requires_shipping":true,"admin_graphql_api_id":"gid:\\/\\/shopify\\/ProductVariant\\/32756902428803"}]', '[{"id":6046180180099,"product_id":4667362050179,"name":"Color","position":1,"values":["White","Violet"]}]', 'https://cdn.shopify.com/s/files/1/0369/4552/6915/products/OPS-FR-26-221-500x500.jpg?v=1584875223'),
	(4667363098755, 'Велосипед Formula FOREST 24" 12.5" blue/white', '<h2>\n<span>Обзор </span>Формула Форест 24 дюйма сине-белый</h2>\n<hr>\n<p>Обладает универсальным дизайном и заниженной рамой, что подходит как мальчикам, так и девочкам, позволяет получать максимальное удовольствие от процесса езды.</p>\n<p>Модель предназначена для школьников и подростков, отличается надежностью и проходимостью, благодаря:</p>\n<ul>\n<li>прочной стальной раме, которая способна выдержать массу повреждений без какого-либо ущерба;</li>\n<li>наличию 21 скорости, за счёт чего велосипедист будет эффективно набирать разгон на бездорожье, а подъемы не станут помехой;</li>\n<li>амортизированной вилке, что позволяет без труда преодолевать разнообразные корни, ухабы и другие неровности на дороге.</li>\n</ul>\n<h2><span>Удобный и надежный подростковый велосипед</span></h2>\n<p>Этот красавец идеально подходит для ежедневного катания с друзьями в черте города и за его пределами. Высокую функциональность в процессе езды обеспечивают:</p>\n<ul>\n<li>качественные комплектующие от shimano – это гарантия стабильной работы;</li>\n<li>удобное, регулируемое по высоте сиденье;</li>\n<li>шипованная резина, ориентированная на универсальное катание по любым типам грунта;</li>\n<li>наличие подножки для стоянок и крыльев в комплектации.</li>\n</ul>\n<p>Модель будет хорошим выбором для подростков с ростом 125 - 153 см, размер рамы 12.5". Каждому ребенку, особенно в тёплое время года, хочется купить горный велосипед OPS-FR-24-095. Скидки и подарки в интернет-магазине Veloboss позволяют сделать это наиболее выгодно. Кроме того, мы ответим на все ваши вопросы, поможем в выборе и обеспечим оперативную доставку по территории Украины.</p>', 'testmone', '', '2020-03-22 13:09:10', 'велосипед-formula-forest-24-12-5-blue-white', '[{"id":32756908228739,"product_id":4667363098755,"title":"White","price":"0.00","sku":"","position":1,"inventory_policy":"deny","compare_at_price":null,"fulfillment_service":"manual","inventory_management":"shopify","option1":"White","option2":null,"option3":null,"created_at":"2020-03-22T13:09:10+02:00","updated_at":"2020-03-22T13:09:10+02:00","taxable":true,"barcode":"","grams":0,"image_id":null,"weight":0,"weight_unit":"kg","inventory_item_id":34317364756611,"inventory_quantity":0,"old_inventory_quantity":0,"requires_shipping":true,"admin_graphql_api_id":"gid:\\/\\/shopify\\/ProductVariant\\/32756908228739"},{"id":32756908261507,"product_id":4667363098755,"title":"Blue","price":"0.00","sku":"","position":2,"inventory_policy":"deny","compare_at_price":null,"fulfillment_service":"manual","inventory_management":"shopify","option1":"Blue","option2":null,"option3":null,"created_at":"2020-03-22T13:09:10+02:00","updated_at":"2020-03-22T13:09:10+02:00","taxable":true,"barcode":"","grams":0,"image_id":null,"weight":0,"weight_unit":"kg","inventory_item_id":34317364789379,"inventory_quantity":0,"old_inventory_quantity":0,"requires_shipping":true,"admin_graphql_api_id":"gid:\\/\\/shopify\\/ProductVariant\\/32756908261507"}]', '[{"id":6046181654659,"product_id":4667363098755,"name":"Color","position":1,"values":["White","Blue"]}]', 'https://cdn.shopify.com/s/files/1/0369/4552/6915/products/OPS-FR-24-095-500x500.jpg?v=1584875352');
/*!40000 ALTER TABLE `products` ENABLE KEYS */;

-- Dumping structure for таблиця testmone.product_to_collection
DROP TABLE IF EXISTS `product_to_collection`;
CREATE TABLE IF NOT EXISTS `product_to_collection` (
  `id` bigint(20) NOT NULL DEFAULT '0',
  `collection_id` bigint(20) NOT NULL DEFAULT '0',
  `product_id` bigint(20) NOT NULL DEFAULT '0',
  `sort` int(11) DEFAULT '0',
  PRIMARY KEY (`id`)
) ENGINE=InnoDB DEFAULT CHARSET=utf8;

-- Dumping data for table testmone.product_to_collection: ~0 rows (приблизно)
DELETE FROM `product_to_collection`;
/*!40000 ALTER TABLE `product_to_collection` DISABLE KEYS */;
INSERT INTO `product_to_collection` (`id`, `collection_id`, `product_id`, `sort`) VALUES
	(16522169319555, 177389142147, 4667352580227, NULL),
	(16522186686595, 177389142147, 4667360575619, NULL),
	(16522186719363, 177391173763, 4667360575619, NULL),
	(16522191470723, 177389142147, 4667362050179, NULL),
	(16522197893251, 177389142147, 4667363098755, NULL),
	(16522274144387, 177389142147, 4667355201667, NULL),
	(16542880432259, 177391173763, 4667362050179, NULL);
/*!40000 ALTER TABLE `product_to_collection` ENABLE KEYS */;

/*!40101 SET SQL_MODE=IFNULL(@OLD_SQL_MODE, '') */;
/*!40014 SET FOREIGN_KEY_CHECKS=IF(@OLD_FOREIGN_KEY_CHECKS IS NULL, 1, @OLD_FOREIGN_KEY_CHECKS) */;
/*!40101 SET CHARACTER_SET_CLIENT=@OLD_CHARACTER_SET_CLIENT */;
